source,target,status,evidence
https://eimafisioterapia.es/,https://eimasalut.es/,301,live-sitemap
https://eimafisioterapia.es/ca,https://eimasalut.es/ca,301,live-sitemap
https://eimafisioterapia.es/en,https://eimasalut.es/en,301,live-sitemap
https://eimafisioterapia.es/como-funciona,https://eimasalut.es/como-funciona,301,live-sitemap
https://eimafisioterapia.es/ca/com-funciona,https://eimasalut.es/ca/com-funciona,301,live-sitemap
https://eimafisioterapia.es/en/how-it-works,https://eimasalut.es/en/how-it-works,301,live-sitemap
https://eimafisioterapia.es/quienes-somos,https://eimasalut.es/quienes-somos,301,live-sitemap
https://eimafisioterapia.es/ca/qui-som,https://eimasalut.es/ca/qui-som,301,live-sitemap
https://eimafisioterapia.es/en/who-we-are,https://eimasalut.es/en/who-we-are,301,live-sitemap
https://eimafisioterapia.es/quienes-somos/historia,https://eimasalut.es/quienes-somos/historia,301,live-sitemap
https://eimafisioterapia.es/ca/qui-som/historia,https://eimasalut.es/ca/qui-som/historia,301,live-sitemap
https://eimafisioterapia.es/en/who-we-are/story,https://eimasalut.es/en/who-we-are/story,301,live-sitemap
https://eimafisioterapia.es/contacto,https://eimasalut.es/contacto,301,live-sitemap
https://eimafisioterapia.es/ca/contacte,https://eimasalut.es/ca/contacte,301,live-sitemap
https://eimafisioterapia.es/en/contact,https://eimasalut.es/en/contact,301,live-sitemap
https://eimafisioterapia.es/blog,https://eimasalut.es/blog,301,live-sitemap
https://eimafisioterapia.es/blog/es-seguro-hacer-ejercicio-durante-la-quimioterapia-o-deberia-esperar-a-terminarla,https://eimasalut.es/blog/es-seguro-hacer-ejercicio-durante-la-quimioterapia-o-deberia-esperar-a-terminarla,301,live-sitemap
https://eimafisioterapia.es/blog/puede-el-ejercicio-frenar-el-crecimiento-de-un-tumor-que-dice-la-ciencia,https://eimasalut.es/blog/puede-el-ejercicio-frenar-el-crecimiento-de-un-tumor-que-dice-la-ciencia,301,live-sitemap
https://eimafisioterapia.es/blog/por-que-el-reposo-total-ya-no-es-la-mejor-recomendacion-si-tienes-cancer,https://eimasalut.es/blog/por-que-el-reposo-total-ya-no-es-la-mejor-recomendacion-si-tienes-cancer,301,live-sitemap
https://eimafisioterapia.es/blog/por-que-he-tenido-un-cancer-si-no-hay-antecedentes-en-toda-mi-familia,https://eimasalut.es/blog/por-que-he-tenido-un-cancer-si-no-hay-antecedentes-en-toda-mi-familia,301,live-sitemap
https://eimafisioterapia.es/blog/sirve-de-algo-hacer-ejercicio-si-tengo-cancer-esto-dice-la-ciencia,https://eimasalut.es/blog/sirve-de-algo-hacer-ejercicio-si-tengo-cancer-esto-dice-la-ciencia,301,live-sitemap
https://eimafisioterapia.es/blog/por-que-cada-vez-hay-mas-gente-joven-con-cancer-que-esta-pasando,https://eimasalut.es/blog/por-que-cada-vez-hay-mas-gente-joven-con-cancer-que-esta-pasando,301,live-sitemap
https://eimafisioterapia.es/terminos,https://eimasalut.es/terminos,301,live-internal-link
https://eimafisioterapia.es/politica-privacidad,https://eimasalut.es/politica-privacidad,301,live-internal-link
https://eimafisioterapia.es/politica-cookies,https://eimasalut.es/politica-cookies,301,live-internal-link
https://eimafisioterapia.es/blog/por-que-cada-vez-hay-mas-cancer-en-gente-joven,https://eimasalut.es/blog/por-que-cada-vez-hay-mas-gente-joven-con-cancer-que-esta-pasando,301,existing-article-alias
https://eimafisioterapia.es/blog/por-que-cancer-no-es-puramente-genetico-habitos-importan,https://eimasalut.es/blog/por-que-he-tenido-un-cancer-si-no-hay-antecedentes-en-toda-mi-familia,301,existing-article-alias
https://eimafisioterapia.es/blog/por-que-descanso-total-ya-no-es-mejor-recomendacion,https://eimasalut.es/blog/por-que-el-reposo-total-ya-no-es-la-mejor-recomendacion-si-tienes-cancer,301,existing-article-alias
https://eimafisioterapia.es/blog/sirve-de-algo-hacer-ejercicio-durante-cancer-mejor-medicina,https://eimasalut.es/blog/sirve-de-algo-hacer-ejercicio-si-tengo-cancer-esto-dice-la-ciencia,301,existing-article-alias
https://eimafisioterapia.es/blog/es-seguro-hacer-ejercicio-durante-la-quimioterapia-o-deberia-esperar-a-terminar-el-tratamiento,https://eimasalut.es/blog/es-seguro-hacer-ejercicio-durante-la-quimioterapia-o-deberia-esperar-a-terminarla,301,existing-article-alias
https://eimafisioterapia.es/blog/puede-el-ejercicio-frenar-el-crecimiento-de-un-tumor-celulas-asesinas,https://eimasalut.es/blog/puede-el-ejercicio-frenar-el-crecimiento-de-un-tumor-que-dice-la-ciencia,301,existing-article-alias
https://eimafisioterapia.es/aviso-legal,https://eimasalut.es/aviso-legal,301,existing-route-inventory
https://eimafisioterapia.es/robots.txt,https://eimasalut.es/robots.txt,301,existing-route-inventory
https://eimafisioterapia.es/sitemap.xml,https://eimasalut.es/sitemap.xml,301,existing-route-inventory
https://eimafisioterapia.es/sitemap_index.xml,https://eimasalut.es/sitemap_index.xml,301,existing-route-inventory
https://eimafisioterapia.es/blog.xml,https://eimasalut.es/blog.xml,301,existing-route-inventory
https://eimafisioterapia.es/es,https://eimasalut.es/,301,existing-es-prefix-redirect
https://eimafisioterapia.es/es/como-funciona,https://eimasalut.es/como-funciona,301,existing-es-prefix-redirect
https://eimafisioterapia.es/es/quienes-somos,https://eimasalut.es/quienes-somos,301,existing-es-prefix-redirect
https://eimafisioterapia.es/es/quienes-somos/historia,https://eimasalut.es/quienes-somos/historia,301,existing-es-prefix-redirect
https://eimafisioterapia.es/es/contacto,https://eimasalut.es/contacto,301,existing-es-prefix-redirect
https://eimafisioterapia.es/es/blog,https://eimasalut.es/blog,301,existing-es-prefix-redirect
https://eimafisioterapia.es/es/blog/es-seguro-hacer-ejercicio-durante-la-quimioterapia-o-deberia-esperar-a-terminarla,https://eimasalut.es/blog/es-seguro-hacer-ejercicio-durante-la-quimioterapia-o-deberia-esperar-a-terminarla,301,existing-es-prefix-redirect
https://eimafisioterapia.es/es/blog/puede-el-ejercicio-frenar-el-crecimiento-de-un-tumor-que-dice-la-ciencia,https://eimasalut.es/blog/puede-el-ejercicio-frenar-el-crecimiento-de-un-tumor-que-dice-la-ciencia,301,existing-es-prefix-redirect
https://eimafisioterapia.es/es/blog/por-que-el-reposo-total-ya-no-es-la-mejor-recomendacion-si-tienes-cancer,https://eimasalut.es/blog/por-que-el-reposo-total-ya-no-es-la-mejor-recomendacion-si-tienes-cancer,301,existing-es-prefix-redirect
https://eimafisioterapia.es/es/blog/por-que-he-tenido-un-cancer-si-no-hay-antecedentes-en-toda-mi-familia,https://eimasalut.es/blog/por-que-he-tenido-un-cancer-si-no-hay-antecedentes-en-toda-mi-familia,301,existing-es-prefix-redirect
https://eimafisioterapia.es/es/blog/sirve-de-algo-hacer-ejercicio-si-tengo-cancer-esto-dice-la-ciencia,https://eimasalut.es/blog/sirve-de-algo-hacer-ejercicio-si-tengo-cancer-esto-dice-la-ciencia,301,existing-es-prefix-redirect
https://eimafisioterapia.es/es/blog/por-que-cada-vez-hay-mas-gente-joven-con-cancer-que-esta-pasando,https://eimasalut.es/blog/por-que-cada-vez-hay-mas-gente-joven-con-cancer-que-esta-pasando,301,existing-es-prefix-redirect
https://eimafisioterapia.es/es/terminos,https://eimasalut.es/terminos,301,existing-es-prefix-redirect
https://eimafisioterapia.es/es/politica-privacidad,https://eimasalut.es/politica-privacidad,301,existing-es-prefix-redirect
https://eimafisioterapia.es/es/politica-cookies,https://eimasalut.es/politica-cookies,301,existing-es-prefix-redirect
https://eimafisioterapia.es/es/blog/por-que-cada-vez-hay-mas-cancer-en-gente-joven,https://eimasalut.es/blog/por-que-cada-vez-hay-mas-gente-joven-con-cancer-que-esta-pasando,301,existing-es-prefix-redirect
https://eimafisioterapia.es/es/blog/por-que-cancer-no-es-puramente-genetico-habitos-importan,https://eimasalut.es/blog/por-que-he-tenido-un-cancer-si-no-hay-antecedentes-en-toda-mi-familia,301,existing-es-prefix-redirect
https://eimafisioterapia.es/es/blog/por-que-descanso-total-ya-no-es-mejor-recomendacion,https://eimasalut.es/blog/por-que-el-reposo-total-ya-no-es-la-mejor-recomendacion-si-tienes-cancer,301,existing-es-prefix-redirect
https://eimafisioterapia.es/es/blog/sirve-de-algo-hacer-ejercicio-durante-cancer-mejor-medicina,https://eimasalut.es/blog/sirve-de-algo-hacer-ejercicio-si-tengo-cancer-esto-dice-la-ciencia,301,existing-es-prefix-redirect
https://eimafisioterapia.es/es/blog/es-seguro-hacer-ejercicio-durante-la-quimioterapia-o-deberia-esperar-a-terminar-el-tratamiento,https://eimasalut.es/blog/es-seguro-hacer-ejercicio-durante-la-quimioterapia-o-deberia-esperar-a-terminarla,301,existing-es-prefix-redirect
https://eimafisioterapia.es/es/blog/puede-el-ejercicio-frenar-el-crecimiento-de-un-tumor-celulas-asesinas,https://eimasalut.es/blog/puede-el-ejercicio-frenar-el-crecimiento-de-un-tumor-que-dice-la-ciencia,301,existing-es-prefix-redirect
https://eimafisioterapia.es/es/aviso-legal,https://eimasalut.es/aviso-legal,301,existing-es-prefix-redirect
